title,engine_size,engine_type,total_kms,price,link
Weirs Motors,Independent Dealer,2016,2.0 Diesel,"‚Ç¨20,900",/cars-for-sale/audi-a4-2-0-tdi-s-line-low-mileage-150bhp-4dr/37153592?campaign=3
Liam Flood Cars,Independent Dealer,2015,2.0 Diesel,"‚Ç¨11,750",/cars-for-sale/audi-a4-tdi-automatic-audi-history-nct-jun25/37702146?campaign=3
Leinster Trade Cars,Independent Dealer,2015,2.0 Diesel,"‚Ç¨13,995",/cars-for-sale/2015-audi-a4auto-full-leather-nct-2026/37484559?campaign=3
Audi A4 2014 Sline,2014,2.0 Diesel,37 mins,"‚Ç¨11,000",/cars-for-sale/audi-a4-2014-sline/37675542
Beacon Motors,Independent Dealer,2016,2.0 Petrol,"‚Ç¨21,900",/cars-for-sale/audi-a4autoonly-7-000-milesfantastic-conditi/37471682
*Audi A4 2.0 TDI 2015 NCT 06/25*,2015,2.0 Diesel,"190,000 mi","‚Ç¨8,650",/cars-for-sale/audi-a4-2-0-tdi-2015-nct-06-25/37555441
Car,2014,2.0 Diesel,"248,000 mi","‚Ç¨9,300",/cars-for-sale/car/37545060
DG Prestige Motors,Independent Dealer,2016,2.0 Diesel,"‚Ç¨19,995",/cars-for-sale/161-audi-a4-s-line-auto-2-0-tdi/37678934
Reddy 2 Drive LTD,Independent Dealer,2015,2.0 Diesel,"‚Ç¨12,850",/cars-for-sale/151-audi-a4-2-0-tdi-163-bhp-se-ultra-technik-6-sp/37533640
Liam Flood Cars,Independent Dealer,2015,2.0 Diesel,"‚Ç¨11,750",/cars-for-sale/audi-a4-tdi-automatic-audi-history-nct-jun25/37702146
Car,2016,2.0 Diesel,"180,000 km","‚Ç¨14,450",/cars-for-sale/car/37682220
Audi A4 2014,2014,2.0 Diesel,"198,000 km","‚Ç¨8,900",/cars-for-sale/audi-a4-2014/37673288
Bill Griffin Motors,Independent Dealer4.3/5,2016,2.0 Diesel,"‚Ç¨16,900",/cars-for-sale/audi-a4-2-0-tdi-s-line-auto-valid-nct-until-07/37727721
Auto Haven,Independent Dealer,2016,2.0 Diesel,"‚Ç¨13,950",/cars-for-sale/2016-audi-a4-2-0tdi-new-nct/37663113
Bill Griffin Motors,Independent Dealer4.3/5,2016,2.0 Diesel,"‚Ç¨16,900",/cars-for-sale/audi-a4-2-0-tdi-s-line-auto-valid-nct-until-07/37727050
Weirs Motors,Independent Dealer,2016,2.0 Diesel,"‚Ç¨20,900",/cars-for-sale/audi-a4-2-0-tdi-s-line-low-mileage-150bhp-4dr/37153592
Audi A4 2.0L Diesel Automatic,2014,2.0 Diesel,"141,000 mi","‚Ç¨12,950",/cars-for-sale/audi-a4-2-0l-diesel-automatic/37681114
2016 Audi A4 2.0 TDI SE Ultra Black Edition,2016,2.0 Diesel,"176,000 mi","‚Ç¨14,850",/cars-for-sale/2016-audi-a4-2-0-tdi-se-ultra-black-edition/37727015
Audi A4 2014,2014,2.0 Diesel,"235,000 km","‚Ç¨13,950",/cars-for-sale/audi-a4-2014/37726622
Audi A4 tecknik ultra,2015,2.0 Diesel,"251,000 km","‚Ç¨13,950",/cars-for-sale/audi-a4-tecknik-ultra/37646275
Audi A4 S-Line Black Edition,2014,2.0 Diesel,"364,000 km","‚Ç¨7,000",/cars-for-sale/audi-a4-s-line-black-edition/37671136
Mullen Autos,Independent Dealer,2016,2.0 Diesel,"‚Ç¨17,990",/cars-for-sale/audi-a4-2-0-tdi-sport-ultra-black-ed-styling/37584427
2016 Audi A4 2.0 Tdi NCT 03-26,2016,2.0 Diesel,190 mi,"‚Ç¨9,995",/cars-for-sale/2016-audi-a4-2-0-tdi-nct-03-26/37173222
Audi a4,2015,2.0 Diesel,149 mi,"‚Ç¨15,250",/cars-for-sale/audi-a4/37512981
Audi A4 Technik ultra,2014,2.0 Diesel,"238,000 km","‚Ç¨11,950",/cars-for-sale/audi-a4-technik-ultra/37724533
Delta Car Sales Ltd,Independent Dealer,2016,2.0 Diesel,"‚Ç¨14,950",/cars-for-sale/2016-audi-a4-se-ultra-2-0-tdi-auto-nct-08-26/37724426
Audi A4 2016,2016,2.0 Diesel,"196,000 km","‚Ç¨13,500",/cars-for-sale/audi-a4-2016/37536532
Audi A4 S line 150BHP 2016 (162),2016,2.0 Diesel,"196,330 km","‚Ç¨18,000",/cars-for-sale/audi-a4-s-line-150bhp-2016-162/37668889
Bill Griffin Motors,Independent Dealer4.3/5,2016,1.4 Petrol,"‚Ç¨20,750",/cars-for-sale/audi-a4-1-4-tfsi-sport-automatic-cruise-contro/36626764
Pauric Connolly Cars,Independent Dealer,2016,2.0 Diesel,"‚Ç¨14,950",/cars-for-sale/audi-a4-2016-150bhp-se-ultra/37666741
P McCaffrey Motors,Independent Dealer,2016,2.0 Diesel,"‚Ç¨15,950",/cars-for-sale/2016-audi-a4-2-0-tdi-150-bhp-ultra-leather/37619184
P McCaffrey Motors,Independent Dealer,2016,2.0 Diesel,"‚Ç¨17,850",/cars-for-sale/2016-audi-a4-sport-2-0-tdi-150-bhp-ultra-black-edi/37619181
GMG Motors,Independent Dealer,2016,2.0 Diesel,"‚Ç¨15,950",/cars-for-sale/audi-a4-mint-condition-fash-2-0-tdi-120-se-4dr/37041544?campaign=3
SPOTLIGHT,2015,2.0 Diesel,149 mi,"‚Ç¨15,250",/cars-for-sale/audi-a4/37512981?campaign=3
Superior Autos,Independent Dealer,2016,2.0 Diesel,"‚Ç¨20,995",/cars-for-sale/2016-audi-a4-s-line-auto-150bhp/37667783?campaign=3
Audi A4 Sport 2.0 TDI 190BHP NEW NCT,2016,2.0 Diesel,"112,000 mi","‚Ç¨15,995",/cars-for-sale/audi-a4-sport-2-0-tdi-190bhp-new-nct/37391672
WP Motor Company,Independent Dealer,2014,2.0 Diesel,"‚Ç¨12,900",/cars-for-sale/audi-a4/34213446
Audi A4,2016,2.0 Diesel,"180,000 km","‚Ç¨12,500",/cars-for-sale/audi-a4/34811031
Walsh Autos,Independent Dealer,2015,2.0 Diesel,"‚Ç¨16,650",/cars-for-sale/audi-a4-2-0-tdi-s-line-nav-150ps-4dr/37536437
Johnson & Perrott Mahonpoint,Franchise Dealer4.4/5,2016,1.4 Petrol,"‚Ç¨19,900",/cars-for-sale/audi-a4-1-4-tfsi-sport-estate-like-new-conditi/36842268
New Nct,2014,2.0 Diesel,"236,000 km","‚Ç¨9,500",/cars-for-sale/new-nct/37548963
Audi A4 Advant Full Cream Interior,2015,2.0 Diesel,"270,000 km","‚Ç¨8,650",/cars-for-sale/audi-a4-advant-full-cream-interior/37202508
Frank Wray Cars Ltd,Independent Dealer,2016,2.0 Diesel,"‚Ç¨18,950",/cars-for-sale/audi-a4-2016162black-editionquattro-auto/37579756
142 Audi A4 S-Line,2014,2.0 Diesel,"145,085 mi","‚Ç¨9,995",/cars-for-sale/142-audi-a4-s-line/37578211
Audi a4 S-line estate,2015,2.0 Diesel,"264,000 km","‚Ç¨17,500",/cars-for-sale/audi-a4-s-line-estate/37362996
Motorcare Cars & Customising,Independent Dealer,2016,2.0 Diesel,"‚Ç¨13,950",/cars-for-sale/2016-audi-a4-sport-2-0-tdi/37514100
Audi A4 Estate 2.0 Sline.,2016,2.0 Diesel,"267,000 km","‚Ç¨14,950",/cars-for-sale/audi-a4-estate-2-0-sline-/37357163
A.B.C Premier Motors,Independent Dealer,2014,2.0 Diesel,"‚Ç¨7,450",/cars-for-sale/audi-a4-2-0-tdi-177bhp/37561280
Audi A4 2014,2014,2.0 Petrol,"96,000 km","‚Ç¨13,750",/cars-for-sale/audi-a4-2014/37342926
Holden Motor Company,Independent Dealer,2015,2.0 Diesel,"‚Ç¨13,900",/cars-for-sale/2015-audi-a4-auto-warranty-inc-/37552661
Audi A4 2.0 TDI SE model manual,2014,2.0 Diesel,"112,865 km","‚Ç¨13,000",/cars-for-sale/audi-a4-2-0-tdi-se-model-manual/36802394
2014 Audi A4 (NCT 07/25),2014,2.0 Diesel,"110,000 mi","‚Ç¨11,450",/cars-for-sale/2014-audi-a4-nct-07-25/37148362
AUDI A4 2.0 TDI ULTRA SE AUTO,2016,2.0 Diesel,"181,000 mi","‚Ç¨14,500",/cars-for-sale/audi-a4-2-0-tdi-ultra-se-auto/37504785
Long Mile Motors Ltd,Independent Dealer,2016,2.0 Diesel,"‚Ç¨14,995",/cars-for-sale/audi-a4-2016-new-nct-warranty-included/37356375
Audi A4 3.0 Tdi Quattro 300bhp,2016,3.0 Diesel,"175,000 km","‚Ç¨25,000",/cars-for-sale/audi-a4-3-0-tdi-quattro-300bhp/36804553
Audi A4,2016,2.0 Diesel,"103,000 km","‚Ç¨16,000",/cars-for-sale/audi-a4/37324119
Kingdom Motors,Independent Dealer,2014,2.0 Diesel,"‚Ç¨9,000",/cars-for-sale/automatic-174-hp-nct-11-24/37540835
2014 Audi A4 2.0 Diesel BLACK,2014,2.0 Diesel,"220,000 km","‚Ç¨10,950",/cars-for-sale/2014-audi-a4-2-0-diesel-black/36454961
Audi A4 2014,2014,2.0 Diesel,"166,000 mi","‚Ç¨9,500",/cars-for-sale/audi-a4-2014/37153978
Audi A4 avant,2015,2.0 Diesel,"226,000 km","‚Ç¨11,750",/cars-for-sale/audi-a4-avant/37369748
Roskeen Cars And Commercials,Independent Dealer,2016,2.0 Diesel,"‚Ç¨18,950",/cars-for-sale/audi-a4-2-0-tdi-ultra-150-black-edition-styling/35128093
Automatic Motor Car Centre,Independent Dealer,2016,2.0 Petrol,"‚Ç¨22,950",/cars-for-sale/audi-a4-audi-a4-automatic-2-0-tfsi-cream-heated/36822145
Audi a4 S line 2 l diesel,2014,2.0 Diesel,"210,000 km","‚Ç¨9,450",/cars-for-sale/audi-a4-s-line-2-l-diesel/36568995
2016 Audi A4,2016,2.0 Diesel,"134,000 mi","‚Ç¨6,999",/cars-for-sale/2016-audi-a4/37295832
Leinster Trade Cars,Independent Dealer,2015,2.0 Diesel,"‚Ç¨13,995",/cars-for-sale/2015-audi-a4auto-full-leather-nct-2026/37484559?campaign=3
Superior Autos,Independent Dealer,2016,2.0 Diesel,"‚Ç¨20,995",/cars-for-sale/2016-audi-a4-s-line-auto-150bhp/37667783?campaign=3
Weirs Motors,Independent Dealer,2016,2.0 Diesel,"‚Ç¨20,900",/cars-for-sale/audi-a4-2-0-tdi-s-line-low-mileage-150bhp-4dr/37153592?campaign=3
Meath Car Sales,Independent Dealer,2014,2.0 Petrol,"‚Ç¨14,999",/cars-for-sale/audi-a4-2l-tfsi-quattro-avant/37303790
Audi A4 2016,2016,2.0 Diesel,"173,750 mi","‚Ç¨14,250",/cars-for-sale/audi-a4-2016/37503071
Automatic Motor Car Centre,Independent Dealer,2016,2.0 Petrol,"‚Ç¨21,950",/cars-for-sale/audi-a4-audi-a4-automatic-2-0-tfsi-s-line-heate/36794564
Martin Barrett Car Sales,Independent Dealer,2016,2.0 Diesel,"‚Ç¨21,950",/cars-for-sale/audi-a4-avant-2-0-tdi-150-s-line-4dr/37254056
Peter Hanley Motors,Independent Dealer4.8/5,2016,2.0 Diesel,"‚Ç¨18,950",/cars-for-sale/audi-a4-2-0-tdi-sline-150ps-4dr/37499613
2016 Audi A4,2016,2.0 Diesel,"143,700 mi","‚Ç¨17,000",/cars-for-sale/2016-audi-a4/37498238
Automatic Motor Car Centre,Independent Dealer,2016,1.4 Petrol,"‚Ç¨21,450",/cars-for-sale/audi-a4-audi-a4-automatic-1-4-tfsi-sport-heated/37497319
Audi A4 2014,2014,2.0 Diesel,"285,000 km","‚Ç¨9,000",/cars-for-sale/audi-a4-2014/37279443
"Audi A4 2.0 TDI S-LINE 148BHP 5DR AVANT, 2014",2014,2.0 Diesel,"173,175 km","‚Ç¨13,500",/cars-for-sale/audi-a4-2-0-tdi-s-line-148bhp-5dr-avant-2014/37276248
Audi A4 2015,2015,2.0 Diesel,165 km,"‚Ç¨10,500",/cars-for-sale/audi-a4-2015/37275402
Derek Considine Car Sales Ltd,Independent Dealer,2016,2.0 Diesel,"‚Ç¨19,950",/cars-for-sale/audi-a4-2-0-tdi-s-line-190ps-4dr/36539028
Audi A4 AVANT QUATTRO S LINE 2016,2016,2.0 Diesel,"305,000 km","‚Ç¨16,950",/cars-for-sale/audi-a4-avant-quattro-s-line-2016/37267285
Audi A4 s-line 2015 225hp,2015,2.0 Petrol,"111,000 km","‚Ç¨12,750",/cars-for-sale/audi-a4-s-line-2015-225hp/36667811
Audi A4 2014,2014,2.0 Petrol,"131,000 km","‚Ç¨10,500",/cars-for-sale/audi-a4-2014/37259655
Automatic Motor Car Centre,Independent Dealer,2016,2.0 Petrol,"‚Ç¨21,950",/cars-for-sale/audi-a4-audi-a4-automatic-2-0-tfsi-51k-kms-cr/37473738
Automatic Motor Car Centre,Independent Dealer,2016,2.0 Petrol,"‚Ç¨22,950",/cars-for-sale/audi-a4-audi-a4-automatic-2-0-tfsi-heated-leath/36763870
Audi A4 2015,2015,2.0 Diesel,"167,412 mi","‚Ç¨10,200",/cars-for-sale/audi-a4-2015/37087592
Audi A4 NEW MOT Quattro,2014,2.0 Diesel,"153,000 km","‚Ç¨5,200",/cars-for-sale/audi-a4-new-mot-quattro/37254663
Audi A4 2015,2015,2.0 Diesel,"185,000 km","‚Ç¨13,750",/cars-for-sale/audi-a4-2015/36229505
2016 Audi A4 sline,2016,2.0 Diesel,"190,000 km",‚Ç¨1,/cars-for-sale/2016-audi-a4-sline/37250439
2015 Audi A4 2L TDI Ultra SE,2015,2.0 Diesel,"191,000 km","‚Ç¨10,999",/cars-for-sale/2015-audi-a4-2l-tdi-ultra-se/37240848
Audi a4,2014,2.0 Diesel,"180,000 km","‚Ç¨14,000",/cars-for-sale/audi-a4/37239731
151 Audi A4 2.0L TDI SE Ultra,2015,2.0 Diesel,"134,000 mi","‚Ç¨12,950",/cars-for-sale/151-audi-a4-2-0l-tdi-se-ultra/37448759
Derek Considine Car Sales Ltd,Independent Dealer,2014,2.0 Diesel,"‚Ç¨10,950",/cars-for-sale/audi-a4-2-0-tdi-se-technik-136ps-4dr/37192134
Audi A4 S-Line Black Edition,2014,2.0 Diesel,"190,000 km","‚Ç¨15,300",/cars-for-sale/audi-a4-s-line-black-edition/37222252
Audi A4,2015,2.0 Diesel,"105,000 mi","‚Ç¨14,999",/cars-for-sale/audi-a4/37221945
Audi A4 2014,2014,2.0 Diesel,"162,000 mi","‚Ç¨11,200",/cars-for-sale/audi-a4-2014/37264122
Automatic Motor Car Centre,Independent Dealer,2016,2.0 Petrol,"‚Ç¨22,950",/cars-for-sale/audi-a4-audi-a4-automatic-2-0-tfsi-sport-30k-km/37421854
Weirs Motors,Independent Dealer,2016,2.0 Diesel,"‚Ç¨20,900",/cars-for-sale/audi-a4-2-0-tdi-s-line-low-mileage-150bhp-4dr/37153592?campaign=3
Liam Flood Cars,Independent Dealer,2015,2.0 Diesel,"‚Ç¨11,750",/cars-for-sale/audi-a4-tdi-automatic-audi-history-nct-jun25/37702146?campaign=3
Superior Autos,Independent Dealer,2016,2.0 Diesel,"‚Ç¨20,995",/cars-for-sale/2016-audi-a4-s-line-auto-150bhp/37667783?campaign=3
FK Performance Motors,Independent Dealer,2016,2.0 Diesel,"‚Ç¨14,950",/cars-for-sale/audi-a4-2016-2-0-tdi-finance-available/37635038
BB Motors Kildare,Independent Dealer,2014,2.0 Diesel,"‚Ç¨18,950",/cars-for-sale/audi-a4-2-0-tdi-150bhp-quattro/37339570
Audi A4,2015,2.0 Diesel,"263,000 km","‚Ç¨13,000",/cars-for-sale/audi-a4/36442159
AUDI A4 151,2015,2.0 Diesel,"161,784 mi","‚Ç¨11,000",/cars-for-sale/audi-a4-151/37420642
Audi A4 2l TDI S Line 190 BHP,2016,2.0 Diesel,"131,000 mi",‚Ç¨12,/cars-for-sale/audi-a4-2l-tdi-s-line-190-bhp/37092625
Audi a4 tdi,2015,2.0 Diesel,"204,000 mi","‚Ç¨7,650",/cars-for-sale/audi-a4-tdi/37418335
Dunshaughlin Motor Company,Independent Dealer,2015,2.0 Diesel,"‚Ç¨11,950",/cars-for-sale/audi-a4-2-0-tdi-se-technik-ultra-163bhp-high-spe/37367301
2015 Audi A4 Avant SE Technik 2.0 TDI 136hp,2015,2.0 Diesel,"187,267 km","‚Ç¨12,250",/cars-for-sale/2015-audi-a4-avant-se-technik-2-0-tdi-136hp/37417318
Optimum Autos,Independent Dealer,2016,2.0 Petrol,"‚Ç¨21,950",/cars-for-sale/2016-audi-a4-avant-s-line-2-0-quattro-4wd-59-50/37552942
William Roche Motors,Independent Dealer,2016,2.0 Diesel,"‚Ç¨15,950",/cars-for-sale/audi-a4-2-0-tdi-se-ultra-148bhp-4dr-150ps/37421049
Audi A4,2015,2.0 Diesel,"166,500 km","‚Ç¨11,000",/cars-for-sale/audi-a4/37412311
Mellotte Motors,Independent Dealer,2016,2.0 Petrol,"‚Ç¨22,950",/cars-for-sale/audi-a4-2-0tfsi-150bhp-auto/37232439
N2 Car Sales,Independent Dealer,2016,2.0 Diesel,"‚Ç¨17,950",/cars-for-sale/162-audi-a4-s-line-2-0tdi-auto-new-nct-very-cle/37484143
N2 Car Sales,Independent Dealer,2016,2.0 Diesel,"‚Ç¨18,950",/cars-for-sale/162-audi-a4-2-0tdi-manual-s-line-low-miles-new-nct/37550002
Audi A4,2015,2.0 Diesel,285 km,"‚Ç¨10,500",/cars-for-sale/audi-a4/37622311
Evra Motors,Independent Dealer,2016,1.4 Petrol,"‚Ç¨19,950",/cars-for-sale/audi-a4-se-ultra-1-4-petrol-automatic/37365838
Evra Motors,Independent Dealer,2016,2.0 Petrol,"‚Ç¨24,950",/cars-for-sale/audi-a4-2-0-tfsi-s-line-4dr-petrol-automatic/37468800
Evra Motors,Independent Dealer,2016,2.0 Petrol,"‚Ç¨24,950",/cars-for-sale/audi-a4-quattro-2-0-petrol-automatic-high-spec-/37466094
Audi a4 3.0 V6 Quattro S-line,2016,3.0 Diesel,"260,000 km","‚Ç¨19,950",/cars-for-sale/audi-a4-3-0-v6-quattro-s-line/35629803
ND Motors,Independent Dealer,2014,2.0 Petrol,"‚Ç¨14,450",/cars-for-sale/2014-audi-a4-2-0-tfsi-tecknik-auto/37354293
Automatic Motor Car Centre,Independent Dealer,2016,2.0 Petrol,"‚Ç¨21,950",/cars-for-sale/audi-a4-audi-a4-automatic-2-0-tfsi-reverse-came/37616529
Kilcoyne & Scahill Motors Ltd,Independent Dealer,2016,2.0 Diesel,"‚Ç¨19,950",/cars-for-sale/audi-a4-2016/37038347
LMR Car Sales,Independent Dealer,2015,2.0 Diesel,"‚Ç¨16,950",/cars-for-sale/audi-a4-s-line-black-edition-2-0-tdi/37566458
Long Mile Motors Ltd,Independent Dealer,2014,2.0 Diesel,"‚Ç¨10,000",/cars-for-sale/audi-a4-2014-avant-new-nct-war/37315009
Ballincollig Motors,Independent Dealer,2014,2.0 Diesel,"‚Ç¨11,950",/cars-for-sale/audi-a4-2014-2-0-tdi-new-nct/37612312
Je Car Sales Ltd,Independent Dealer,2015,2.0 Diesel,"‚Ç¨10,250",/cars-for-sale/audi-a4-2-0-tdi-estate-leather-sat-nav-new-nct/37317255
151 Audi s- line black edition 150 bhp,2015,2.0 Diesel,"207,831 km","‚Ç¨13,250",/cars-for-sale/151-audi-s-line-black-edition-150-bhp/37463722
Audi a4 s line,2016,2.0 Diesel,"177,000 km","‚Ç¨19,500",/cars-for-sale/audi-a4-s-line/37394606
142 Audi A4 S line,2014,2.0 Diesel,"181,000 mi","‚Ç¨10,000",/cars-for-sale/142-audi-a4-s-line/37394175
JMC Car Sales,Independent Dealer,2016,2.0 Diesel,"‚Ç¨19,995",/cars-for-sale/stunning-audi-a4-sline/37702836?campaign=3
Superior Autos,Independent Dealer,2016,2.0 Diesel,"‚Ç¨20,995",/cars-for-sale/2016-audi-a4-s-line-auto-150bhp/37667783?campaign=3
Weirs Motors,Independent Dealer,2016,2.0 Diesel,"‚Ç¨20,900",/cars-for-sale/audi-a4-2-0-tdi-s-line-low-mileage-150bhp-4dr/37153592?campaign=3
Blue Diamond Cars,Independent Dealer,2016,2.0 Diesel,"‚Ç¨14,950",/cars-for-sale/new-shape-2-0-tdi-se-ultra-148bhp-new-nct/37187874
Drive Automotive LTD,Independent Dealer,2015,2.0 Diesel,"‚Ç¨11,900",/cars-for-sale/audi-a4-2015-2-0tdi/37672637
Drive Automotive LTD,Independent Dealer,2014,2.0 Diesel,"‚Ç¨8,900",/cars-for-sale/audi-a4-2014-2-0-tdi-automatic/37497630
Brendan Gunning Car Sales,Independent Dealer,2014,2.0 Diesel,"‚Ç¨12,695",/cars-for-sale/audi-a4-2014-2-0-diesel-nct-9-25-tax-6-25/37567162
Audi A4 2016,2016,2.0 Diesel,"193,500 km","‚Ç¨15,500",/cars-for-sale/audi-a4-2016/37628908
Roskeen Cars And Commercials,Independent Dealer,2016,2.0 Diesel,"‚Ç¨18,950",/cars-for-sale/audi-a4-ultra-se-2-0-tdi-150bhp/37250934
Roskeen Cars And Commercials,Independent Dealer,2016,2.0 Diesel,"‚Ç¨17,950",/cars-for-sale/audi-a4-2-0-tdi-se-ultra-150-bhp/35015813
O'Neill's,Independent Dealer,2016,2.0 Diesel,"‚Ç¨18,999",/cars-for-sale/audi-a4-2016-avant-2-0-tdi-150-s-tronic-sline-auto/36032016
2014 Audi a4 tdi,2014,2.0 Diesel,"286,145 km","‚Ç¨6,450",/cars-for-sale/2014-audi-a4-tdi/37593215
JPS Car Sales,Independent Dealer,2015,2.0 Diesel,"‚Ç¨9,850",/cars-for-sale/audi-a4-2-0tdi-136hp-ultra-se/37652639
JMC Car Sales,Independent Dealer,2016,2.0 Diesel,"‚Ç¨19,995",/cars-for-sale/stunning-audi-a4-sline/37702836
Eds Car Sales Fermoy,Independent Dealer,2014,1.8 Petrol,"‚Ç¨15,950",/cars-for-sale/audi-a4-s-line-black-edition-1-8-tfsi-170-bhp-2014/37496120
Audi A4 S-Line 2.0 TDI,2015,2.0 Diesel,"215,472 km","‚Ç¨13,700",/cars-for-sale/audi-a4-s-line-2-0-tdi/37542510
Leinster Trade Cars,Independent Dealer,2015,2.0 Diesel,"‚Ç¨13,995",/cars-for-sale/2015-audi-a4auto-full-leather-nct-2026/37484559
Weirs Motors,Independent Dealer,2016,1.4 Petrol,"‚Ç¨19,900",/cars-for-sale/audi-a4-1-4-tfsi-150-se-ultra-digital-dash-4dr/37580974
Audi A4 S-line quattro 2.0 Diesel automatic 190bhp,2016,2.0 Diesel,"133,000 km","‚Ç¨22,000",/cars-for-sale/audi-a4-s-line-quattro-2-0-diesel-automatic-190bhp/37573599
GMG Motors,Independent Dealer,2016,2.0 Diesel,"‚Ç¨15,950",/cars-for-sale/audi-a4-mint-condition-fash-2-0-tdi-120-se-4dr/37041544
GREENHILLS AUTOPOINT,Independent Dealer,2014,2.0 Diesel,"‚Ç¨11,995",/cars-for-sale/141-audi-a4-service-hist-warranty-nct-tax-v-clean/37699002
Audi A4 Sline 190bhp highspec!,2016,2.0 Diesel,"231,055 km","‚Ç¨15,750",/cars-for-sale/audi-a4-sline-190bhp-highspec/37592405
Audi A4 Ultra,2015,2.0 Diesel,"250,000 km","‚Ç¨9,400",/cars-for-sale/audi-a4-ultra/37644153
P McCaffrey Motors,Independent Dealer,2015,2.0 Diesel,"‚Ç¨14,450",/cars-for-sale/2015-audi-a4-2-0-tdi-ultra-se-163ps-black-edition/37698456
162 Audi A4 150BHP,2016,2.0 Diesel,"180,000 km","‚Ç¨14,500",/cars-for-sale/162-audi-a4-150bhp/37579267
Audi A4 2 years NCT,2014,2.0 Diesel,"120,000 mi","‚Ç¨8,950",/cars-for-sale/audi-a4-2-years-nct/37484658
Ratoath Motor Centre,Independent Dealer,2014,1.8 Petrol,"‚Ç¨12,950",/cars-for-sale/audi-a4-1-8tfsi-se-technik-automatic-avant/37030777
Audi A4 LIKE NEW,2014,2.0 Diesel,"163,250 mi","‚Ç¨7,000",/cars-for-sale/audi-a4-like-new/37516609
2014 Audi A4,2014,2.0 Diesel,"257,000 km","‚Ç¨11,250",/cars-for-sale/2014-audi-a4/37695887
Audi A4 2015 2.0 TDI S Line,2015,2.0 Diesel,"172,000 mi","‚Ç¨5,999",/cars-for-sale/audi-a4-2015-2-0-tdi-s-line/37695826
Audi A4 2015,2015,2.0 Diesel,"180,254 km","‚Ç¨12,850",/cars-for-sale/audi-a4-2015/37641228
"Audi A4 2016 115,000 miles only R/lie  150 BHP",2016,2.0 Diesel,"116,000 mi","‚Ç¨14,000",/cars-for-sale/audi-a4-2016-115-000-miles-only-r-lie-150-bhp/36969399
Superior Autos,Independent Dealer,2016,2.0 Diesel,"‚Ç¨20,995",/cars-for-sale/2016-audi-a4-s-line-auto-150bhp/37667783?campaign=3
GMG Motors,Independent Dealer,2016,2.0 Diesel,"‚Ç¨15,950",/cars-for-sale/audi-a4-mint-condition-fash-2-0-tdi-120-se-4dr/37041544?campaign=3
SPOTLIGHT,2015,2.0 Diesel,149 mi,"‚Ç¨15,250",/cars-for-sale/audi-a4/37512981?campaign=3
Audi A4 2016,2016,2.0 Diesel,"105,000 mi",‚Ç¨0,/cars-for-sale/audi-a4-2016/37658532
Automatic Motor Car Centre,Independent Dealer,2016,2.0 Petrol,"‚Ç¨21,950",/cars-for-sale/audi-a4-audi-a4-automatic-2-0-tfsi-digital-dash/37357225
Automatic Motor Car Centre,Independent Dealer,2016,2.0 Petrol,"‚Ç¨22,950",/cars-for-sale/audi-a4-audi-a4-automatic-2-0-tfsi-sport-digita/37357226
R Neary Motors,Independent Dealer,2016,2.0 Diesel,"‚Ç¨21,950",/cars-for-sale/2016-161-audi-a4-s-line-black-ed-auto/37380136
Ace Autos,Independent Dealer,2015,2.0 Diesel,"‚Ç¨12,950",/cars-for-sale/audi-a4-2-0l-diesel-manual-very-clean-car/37656213
O'Connell Automotive Ltd,Independent Dealer,2014,2.0 Diesel,"‚Ç¨11,999",/cars-for-sale/2014-audi-a4-2-0-tdi-s-line-avant/37530505
2016 audi a4,2016,2.0 Diesel,"198,000 km","‚Ç¨14,500",/cars-for-sale/2016-audi-a4/37653222
AUDI A4 ESTATE (LOW MILES)NEW NCT,2016,2.0 Diesel,"115,000 mi","‚Ç¨11,950",/cars-for-sale/audi-a4-estate-low-milesnew-nct/37653038
Martin Murphy Car Sales,Independent Dealer,2014,2.0 Diesel,"‚Ç¨11,950",/cars-for-sale/audi-a4-2-0-tdi-technik-177-bhp/37129806
Michael Grant Motors,Independent Dealer4.6/5,2016,2.0 Diesel,"‚Ç¨21,900",/cars-for-sale/audi-a4-2-0-tdi-s-line-s-tronic-automatic-estate/37321369
Ray Crofton Ltd,Franchise Dealer4.7/5,2016,2.0 Diesel,"‚Ç¨18,950",/cars-for-sale/audi-a4-2-0tdi-150hp-se-ultra/36730822
162 Audi A4 SE Ultra,2016,2.0 Diesel,"172,000 mi","‚Ç¨13,850",/cars-for-sale/162-audi-a4-se-ultra/37649097
Audi a4,2014,2.0 Diesel,"191,000 km","‚Ç¨9,000",/cars-for-sale/audi-a4/37320997
National Motors,Independent Dealer,2015,2.0 Diesel,"‚Ç¨12,995",/cars-for-sale/2015-audi-a4-avant-se-technik-ultra-2-0-tdi-136hp/37194255
Audi A4 2016 Full Audi Service History,2016,2.0 Diesel,"130,000 km","‚Ç¨15,950",/cars-for-sale/audi-a4-2016-full-audi-service-history/36800817
O'Connell Automotive Ltd,Independent Dealer,2014,2.0 Diesel,"‚Ç¨9,999",/cars-for-sale/2014-audi-a4-2-0-tdi-s-line-avant/37304538
Audi A4 2016,2016,2.0 Diesel,10 days,"‚Ç¨10,500",/cars-for-sale/audi-a4-2016/37644589
2014 Audi A4 Facelift Automatic - Leather Interior,2014,2.0 Diesel,229 mi,"‚Ç¨6,750",/cars-for-sale/2014-audi-a4-facelift-automatic-leather-interior/36555379
2014 Audi A4 S Line,2014,2.0 Diesel,"175,000 mi","‚Ç¨10,550",/cars-for-sale/2014-audi-a4-s-line/37643396
R&G Motors,Independent Dealer,2015,2.0 Diesel,"‚Ç¨11,950",/cars-for-sale/2015-audi-a4-2-0tdi-quattro-s-tronic-se/36943304
SD Autos,Independent Dealer,2015,2.0 Diesel,"‚Ç¨13,900",/cars-for-sale/2015-audi-a4-2-0tdi-auto/36567890
Dunshaughlin Motor Company,Independent Dealer,2016,2.0 Diesel,"‚Ç¨15,900",/cars-for-sale/audi-a4-2-0tdi-150bhp-se-ultra-newmodel/37640144
162 Audi A4 s-line auto,2016,2.0 Diesel,"150,000 km","‚Ç¨20,000",/cars-for-sale/162-audi-a4-s-line-auto/37639398
"Audi A4 (S-Line Kitted, Sports Trim)",2015,2.0 Diesel,"208,200 km","‚Ç¨13,000",/cars-for-sale/audi-a4-s-line-kitted-sports-trim/36842208
Dunboyne Auto Link,Independent Dealer,2016,2.0 Diesel,"‚Ç¨16,999",/cars-for-sale/162-audi-a4-2-0tdiavantlow-kms/37638097
Conway Car Sales,Independent Dealer,2016,2.0 Diesel,‚Ç¨250,/cars-for-sale/audi-car-mapping-tuning-/33262664
N2 Car Sales,Independent Dealer,2015,2.0 Diesel,"‚Ç¨12,950",/cars-for-sale/152-audi-a4-2-0tdi-manual-low-miles-new-nct/37369011
Apex Motors,Independent Dealer,2016,2.0 Diesel,"‚Ç¨17,949",/cars-for-sale/audi-a4-finance-arranged-2-0-tdi-se-ultra-150ps-4/37476408
Cityview Car Sales,Independent Dealer,2015,2.0 Diesel,"‚Ç¨11,450",/cars-for-sale/audi-a4-2-0-tdi-technik-136ps-4dr/37635558
JMC Car Sales,Independent Dealer,2016,2.0 Diesel,"‚Ç¨19,995",/cars-for-sale/stunning-audi-a4-sline/37702836?campaign=3
Liam Flood Cars,Independent Dealer,2015,2.0 Diesel,"‚Ç¨11,750",/cars-for-sale/audi-a4-tdi-automatic-audi-history-nct-jun25/37702146?campaign=3
GMG Motors,Independent Dealer,2016,2.0 Diesel,"‚Ç¨15,950",/cars-for-sale/audi-a4-mint-condition-fash-2-0-tdi-120-se-4dr/37041544?campaign=3
Audi a4 b8.5,2014,2.0 Diesel,"167,954 km","‚Ç¨11,750",/cars-for-sale/audi-a4-b8-5/37639865
Audi A4 2015,2015,2.0 Diesel,"230,000 km","‚Ç¨12,999",/cars-for-sale/audi-a4-2015/37639605
Audi A4,2016,2.0 Diesel,"204,101 mi","‚Ç¨9,500",/cars-for-sale/audi-a4/37535172
Audi a4,2014,2.0 Diesel,"200,000 km","‚Ç¨12,950",/cars-for-sale/audi-a4/37692484
2.0 DIESEL AUTOMATIC NEW NCT JULY 2025,2014,2.0 Diesel,"205,000 mi","‚Ç¨5,966",/cars-for-sale/2-0-diesel-automatic-new-nct-july-2025/37400535
Audi a4 high spec,2016,2.0 Diesel,"157,000 mi","‚Ç¨16,250",/cars-for-sale/audi-a4-high-spec/37692141
Des Murphy Cars Ltd,Independent Dealer,2016,2.0 Diesel,"‚Ç¨17,995",/cars-for-sale/161-audi-a4-2-0tdi-s-line-2016/36923692
Michael Cleary Cars,Independent Dealer,2015,2.0 Diesel,"‚Ç¨11,950",/cars-for-sale/audi-a4-2-0-tdi-se-ultra-163ps-4dr/37395512
2014 Audi A4 2.0 136bhp,2014,2.0 Diesel,"156,000 mi","‚Ç¨9,250",/cars-for-sale/2014-audi-a4-2-0-136bhp/37609297
Audi A4 2.0 TDi,2014,2.0 Diesel,"184,000 mi","‚Ç¨7,990",/cars-for-sale/audi-a4-2-0-tdi/37584454
TB Autos,Independent Dealer,2016,3.0 Diesel,"‚Ç¨18,350",/cars-for-sale/161-audi-a4-3-0-tdi-quattro-s-line-auto/36903881
Audi A4  S-line - Black edition SWAP SWAP,2014,2.0 Diesel,"139,505 mi","‚Ç¨13,600",/cars-for-sale/audi-a4-s-line-black-edition-swap-swap/36480466
Naas Road Autos,Independent Dealer,2015,2.0 Petrol,"‚Ç¨15,950",/cars-for-sale/audi-a4-2-0-tfsi-s-line-5dr-estate-automatic-h/37351867
Audi A4,2015,2.0 Diesel,"174,248 km","‚Ç¨12,500",/cars-for-sale/audi-a4/37583254
Roskeen Cars And Commercials,Independent Dealer,2016,1.4 Petrol,"‚Ç¨15,950",/cars-for-sale/audi-a4-1-4-tfsi-sport-petrol-150-bhp/37689632
Motorcare Cars & Customising,Independent Dealer,2016,2.0 Diesel,"‚Ç¨17,950",/cars-for-sale/2016-audi-a4-s-line-2-0-tdi-black-ed-styling/37688880
Glassen Motors,Independent Dealer,2014,2.0 Diesel,"‚Ç¨8,750",/cars-for-sale/audi-a4-2-0-tdi-technik-136ps-5dr-full-leather/37688309
Audi A4,2015,2.0 Diesel,150 mi,"‚Ç¨10,500",/cars-for-sale/audi-a4/37633222
üî∑Audi A4 S-Line 2016 üî∑,2016,2.0 Diesel,"110,012 mi","‚Ç¨15,999",/cars-for-sale/audi-a4-s-line-2016/37687366
Audi A4 20152.0 TDI  NCT 07/2026,2015,2.0 Diesel,"103,000 mi","‚Ç¨12,450",/cars-for-sale/audi-a4-20152-0-tdi-nct-07-2026/37555117
2016 Audi A4 SE 2.0 TDI 148 BHP Ultra,2016,2.0 Diesel,"165,000 km","‚Ç¨16,500",/cars-for-sale/2016-audi-a4-se-2-0-tdi-148-bhp-ultra/37527540
141 Audi A4 150BHP S-LINE NEW NCT 5/25 Taxed,2014,2.0 Diesel,"323,000 km","‚Ç¨7,250",/cars-for-sale/141-audi-a4-150bhp-s-line-new-nct-5-25-taxed/37455199
AUDI A4 150 BHP,2016,2.0 Diesel,5 days,"‚Ç¨8,700",/cars-for-sale/audi-a4-150-bhp/37631068
Sun Day Motors,Independent Dealer,2014,2.0 Petrol,"‚Ç¨13,500",/cars-for-sale/automatic-audi-a4-avant/36574507
Green Mile Motors,Independent Dealer,2015,2.0 Diesel,"‚Ç¨14,995",/cars-for-sale/2015-audi-a4-2-0tdi-new-shape/37105079
Right Price Cars,Independent Dealer,2014,2.0 Diesel,"‚Ç¨7,950",/cars-for-sale/audi-a4-2-0-tdi-120-bhp-se/34625129
Kilcoyne & Scahill Motors Ltd,Independent Dealer,2016,2.0 Diesel,"‚Ç¨17,950",/cars-for-sale/audi-a4-2016/37419190
A & J Motors,Independent Dealer,2016,1.4 Petrol,"‚Ç¨16,950",/cars-for-sale/16-audi-a4-estate-1-4-petrol/36361982
E & D Motors,Independent Dealer,2014,2.0 Diesel,"‚Ç¨10,800",/cars-for-sale/141-audi-a4-2-0tdi-low-miles-warranty/37682548
GMG Motors,Independent Dealer,2016,2.0 Diesel,"‚Ç¨15,950",/cars-for-sale/audi-a4-mint-condition-fash-2-0-tdi-120-se-4dr/37041544?campaign=3
Superior Autos,Independent Dealer,2016,2.0 Diesel,"‚Ç¨20,995",/cars-for-sale/2016-audi-a4-s-line-auto-150bhp/37667783?campaign=3
JMC Car Sales,Independent Dealer,2016,2.0 Diesel,"‚Ç¨19,995",/cars-for-sale/stunning-audi-a4-sline/37702836?campaign=3
P McCaffrey Motors,Independent Dealer,2016,2.0 Diesel,"‚Ç¨19,250",/cars-for-sale/2016-audi-a4-2-0-tdi-150-bhp-s-line-black-edition/37280851
P McCaffrey Motors,Independent Dealer,2016,2.0 Diesel,"‚Ç¨17,850",/cars-for-sale/2016-audi-a4-2-0-tdi-s-line-black-edition-auto/37530958
Mark Mc Guire Motors,Independent Dealer,2014,2.0 Diesel,"‚Ç¨9,950",/cars-for-sale/audi-a4-2014-2-0-tdi-136-tecknick/37722444
PFG Autos,Independent Dealer,2015,2.0 Diesel,"‚Ç¨15,950",/cars-for-sale/15-a4-auto-low-kms/37500430
Superior Autos,Independent Dealer,2016,2.0 Diesel,"‚Ç¨20,995",/cars-for-sale/2016-audi-a4-s-line-auto-150bhp/37667783
RH Car Sales,Independent Dealer,2015,2.0 Diesel,"‚Ç¨8,995",/cars-for-sale/2015-audi-a4-2-0-tdi-ultra-se-163bhp/36393297
Country Cars,Independent Dealer,2016,2.0 Diesel,"‚Ç¨19,950",/cars-for-sale/162-audi-a4-2-0-tdi-sline-black-edition-auto-190ps/37609809
Audi A4 Sline Black Edition,2014,2.0 Diesel,"185,000 mi","‚Ç¨10,250",/cars-for-sale/audi-a4-sline-black-edition/37611607
FK Performance Motors,Independent Dealer,2016,2.0 Diesel,"‚Ç¨15,950",/cars-for-sale/audi-a4-2016-2-0-tdi-new-nct/37719724
Well Priced Cars,Independent Dealer,2015,2.0 Diesel,"‚Ç¨14,500",/cars-for-sale/audi-a4-2-0-tdi-s-line-nav-190ps-5dr/35776921
O'Connell Automotive Ltd,Independent Dealer,2015,2.0 Diesel,"‚Ç¨10,999",/cars-for-sale/2015-audi-a4-2-0-tdi-se-scuba-blue/32933685
Font Motor Sales,Independent Dealer,2016,2.0 Diesel,"‚Ç¨15,995",/cars-for-sale/161-audi-a4-2-0tdi-150-sport-ultra/37585301
FDR Car sales & Services,Independent Dealer,2014,2.0 Diesel,"‚Ç¨17,750",/cars-for-sale/audi-a4-2-0-tdi-s-line-148bhp-4dr/37512558
Audi A4 2016,2016,2.0 Diesel,"159,000 mi","‚Ç¨15,750",/cars-for-sale/audi-a4-2016/37718673
Auto Haven,Independent Dealer,2015,2.0 Diesel,"‚Ç¨14,950",/cars-for-sale/2015-audi-a4-2-0tdi-new-shape-nct-03-26/37474959
D & L O'Connell Bros Car Sales LTD,Independent Dealer,2016,2.0 Diesel,"‚Ç¨16,950",/cars-for-sale/audi-a4-2-0-tdi-sport-4dr-auto/37718504
2014 AUDI A4 2.0TDI SE 120BHP,2014,2.0 Diesel,"153,000 mi","‚Ç¨8,500",/cars-for-sale/2014-audi-a4-2-0tdi-se-120bhp/36136902
Audi a4,2014,2.0 Diesel,"207,000 mi","‚Ç¨6,150",/cars-for-sale/audi-a4/37717373
Hugo Cars,Independent Dealer4.9/5,2016,2.0 Diesel,"‚Ç¨21,888",/cars-for-sale/2016-audi-a4-s-line-190bhp-high-spec-1yr-warranty/37262602
Hugo Cars,Independent Dealer4.9/5,2016,2.0 Diesel,"‚Ç¨16,888",/cars-for-sale/162-audi-a4-2-0tdi-ultra-new-nct-irish-1yr-warrant/37199257
GREENHILLS AUTOPOINT,Independent Dealer,2014,2.0 Diesel,"‚Ç¨12,895",/cars-for-sale/141-audi-a4-lowkm-nice-spec-warranty-nct-v-clean/37716661
Audi A4 2.0tdi 150 SE Ultra 4DR,2016,2.0 Diesel,"146,720 km","‚Ç¨16,499",/cars-for-sale/audi-a4-2-0tdi-150-se-ultra-4dr/37716503
161 A4 2.0tdi  150ps Ultra  mint car **,2016,2.0 Diesel,200 km,"‚Ç¨13,250",/cars-for-sale/161-a4-2-0tdi-150ps-ultra-mint-car/37502001
Audi A4 2016,2016,2.0 Diesel,"160,000 mi","‚Ç¨13,500",/cars-for-sale/audi-a4-2016/37715754
Automatic Motor Car Centre,Independent Dealer,2016,2.0 Petrol,"‚Ç¨21,950",/cars-for-sale/audi-a4-audi-a4-automatic-2-0-tfsi-reverse-came/37365576
~Audi A4- 2016~,2016,2.0 Diesel,"300,299 km","‚Ç¨11,950",/cars-for-sale/audi-a4-2016/37606439
Audi A4 SE Ultra,2016,2.0 Diesel,"166,000 km","‚Ç¨17,000",/cars-for-sale/audi-a4-se-ultra/37574471
Audi A4 2.0 Diesel ‚õΩÔ∏è,2016,2.0 Diesel,"130,000 km","‚Ç¨15,999",/cars-for-sale/audi-a4-2-0-diesel/37594055
"2016 (162) AUDI A4 2.0 TDI 190BHP S-LINE,",2016,2.0 Diesel,"119,000 mi","‚Ç¨17,450",/cars-for-sale/2016-162-audi-a4-2-0-tdi-190bhp-s-line-/37604670
Car,2014,2.0 Diesel,"167,500 mi","‚Ç¨9,950",/cars-for-sale/car/37712898
SPOTLIGHT,2015,2.0 Diesel,149 mi,"‚Ç¨15,250",/cars-for-sale/audi-a4/37512981?campaign=3
Leinster Trade Cars,Independent Dealer,2015,2.0 Diesel,"‚Ç¨13,995",/cars-for-sale/2015-audi-a4auto-full-leather-nct-2026/37484559?campaign=3
Superior Autos,Independent Dealer,2016,2.0 Diesel,"‚Ç¨20,995",/cars-for-sale/2016-audi-a4-s-line-auto-150bhp/37667783?campaign=3
Webb Motors,Independent Dealer,2014,2.0 Diesel,"‚Ç¨13,650",/cars-for-sale/audi-a4-2-0-tdi-s-line-sale/37143138
Audi A4 2016,2016,2.0 Diesel,"128,000 mi","‚Ç¨14,000",/cars-for-sale/audi-a4-2016/37494769
Delta Car Sales Ltd,Independent Dealer,2016,1.4 Petrol,"‚Ç¨15,900",/cars-for-sale/2016-audi-a4-sport-1-4-tfsi-150bhp-nct-08-26/37606834
D & L O'Connell Bros Car Sales LTD,Independent Dealer,2016,2.0 Diesel,"‚Ç¨16,950",/cars-for-sale/audi-a4-2-0-tdi-se-ultra-148bhp-4dr-150ps/37005493
"142 AUDI A4 2.0 TDI TECHNIK,LEATHER,NAV,NCT 2025",2014,2.0 Diesel,"189,000 mi","‚Ç¨7,450",/cars-for-sale/142-audi-a4-2-0-tdi-technik-leather-nav-nct-2025/37608239
D & L O'Connell Bros Car Sales LTD,Independent Dealer,2015,2.0 Diesel,"‚Ç¨13,900",/cars-for-sale/audi-a4-2-0-tdi-150-se-multi-4dr-auto/37627882
D & L O'Connell Bros Car Sales LTD,Independent Dealer,2016,2.0 Diesel,"‚Ç¨16,900",/cars-for-sale/audi-a4-2-0-tdi-150-se-18-4dr/37690099
D & L O'Connell Bros Car Sales LTD,Independent Dealer,2015,2.0 Diesel,"‚Ç¨14,950",/cars-for-sale/audi-a4-2-0-tdi-s-line-ultra-163ps-5-5dr/37627118
D & L O'Connell Bros Car Sales LTD,Independent Dealer,2016,2.0 Diesel,"‚Ç¨16,950",/cars-for-sale/audi-a4-2-0-tdi-150-se-ultra-4dr/37413715
Audi A4 Sline 2.0 Tdi 150 Bhp 2016 NEW NCT,2016,2.0 Diesel,"178,000 mi","‚Ç¨13,950",/cars-for-sale/audi-a4-sline-2-0-tdi-150-bhp-2016-new-nct/37602669
Minx Motors,Independent Dealer,2014,2.0 Diesel,"‚Ç¨8,490",/cars-for-sale/audi-a4-2014-automatic-08-25/36871024
Audi A4 2015 TDI Manual Well Maintained Car,2015,2.0 Diesel,"156,000 mi","‚Ç¨13,450",/cars-for-sale/audi-a4-2015-tdi-manual-well-maintained-car/37550675
2016 Audi A4 S-Line 2.0 TDI 150PS S Tronic,2016,2.0 Diesel,"202,400 km","‚Ç¨18,000",/cars-for-sale/2016-audi-a4-s-line-2-0-tdi-150ps-s-tronic/37550622
Audi Approved :plus Drogheda,Franchise Dealer4.5/5,2016,1.4 Petrol,"‚Ç¨20,400",/cars-for-sale/audi-a4-1-4tfsi-150hp-sport/37619796
Audi A4 2016,2016,2.0 Diesel,"163,000 km","‚Ç¨17,000",/cars-for-sale/audi-a4-2016/37689055
Car,2014,2.0 Diesel,"145,000 mi","‚Ç¨9,950",/cars-for-sale/car/37219786
DG Cars & 4X4 LTD,Independent Dealer,2016,2.0 Diesel,‚Ç¨0,/cars-for-sale/2016-audi-a4-2-0-tdi-190-sport-ultra/37406487
DG Cars & 4X4 LTD,Independent Dealer,2016,2.0 Diesel,‚Ç¨0,/cars-for-sale/2016-audi-a4-2-0-tdi-s-line-automatic/37529059
Audi A4 2015,2015,2.0 Diesel,"95,000 mi","‚Ç¨15,950",/cars-for-sale/audi-a4-2015/37709245
Naas Road Autos,Independent Dealer,2015,2.0 Petrol,"‚Ç¨16,950",/cars-for-sale/audi-a4-2-0-s-line-plus-5dr-estate-automatic-n/37708365
Audi A4  S-LINE 2016 **LOW MILEAGE **,2016,2.0 Diesel,"76,000 mi","‚Ç¨15,999",/cars-for-sale/audi-a4-s-line-2016-low-mileage/37632795
Car Dealz,Independent Dealer,2014,2.0 Diesel,"‚Ç¨9,995",/cars-for-sale/audi-a4-2014-auto2-0-tdi-se-technik-177psnct-tax/36437257
Broughan Motors,Independent Dealer,2015,2.0 Diesel,"‚Ç¨11,999",/cars-for-sale/audi-a4-2015-s-line-avant-auto/36224823
AJ Cars Sligo,Independent Dealer,2016,2.0 Diesel,"‚Ç¨16,950",/cars-for-sale/lovely-audi-a4-estate-2-0tdi-150bhp-ultra-2016/37562168
AJ Cars Sligo,Independent Dealer,2016,2.0 Diesel,"‚Ç¨16,950",/cars-for-sale/lovely-audi-a4-sport-2-0tdi-150bhp-manual-2016162/37603311
GE Motors,Independent Dealer,2014,2.0 Diesel,"‚Ç¨10,950",/cars-for-sale/142-audi-a4-estate-2-0-tdi-full-leather/37388678
A4 SLine Auto 190bhp,2016,2.0 Diesel,"150,000 mi","‚Ç¨16,750",/cars-for-sale/a4-sline-auto-190bhp/36759445
"Audi A4, SLine, Automatic",2016,2.0 Diesel,"150,000 mi","‚Ç¨17,500",/cars-for-sale/audi-a4-sline-automatic/37546193
DG Prestige Motors,Independent Dealer,2016,2.0 Diesel,"‚Ç¨21,995",/cars-for-sale/161-audi-a4-s-line-black-pack/37704662
Audi a4 2015,2015,2.0 Diesel,"81,250 mi","‚Ç¨14,990",/cars-for-sale/audi-a4-2015/37545219
JMC Car Sales,Independent Dealer,2016,2.0 Diesel,"‚Ç¨19,995",/cars-for-sale/stunning-audi-a4-sline/37702836?campaign=3
SPOTLIGHT,2015,2.0 Diesel,149 mi,"‚Ç¨15,250",/cars-for-sale/audi-a4/37512981?campaign=3
Superior Autos,Independent Dealer,2016,2.0 Diesel,"‚Ç¨20,995",/cars-for-sale/2016-audi-a4-s-line-auto-150bhp/37667783?campaign=3
2014 Audi A4 SE 215bhp NEED GONE,2014,2.0 Diesel,"270,000 km","‚Ç¨8,500",/cars-for-sale/2014-audi-a4-se-215bhp-need-gone/36826157
Car,2014,2.0 Diesel,"148,000 mi","‚Ç¨14,000",/cars-for-sale/car/37521758
2015 Audi A4 S-Line,2015,2.0 Diesel,"151,000 mi","‚Ç¨19,500",/cars-for-sale/2015-audi-a4-s-line/37466495
Audi,2015,2.0 Diesel,"177,000 mi","‚Ç¨9,450",/cars-for-sale/audi/37680120
Audi A4 2014,2014,2.0 Diesel,"310,000 km","‚Ç¨8,500",/cars-for-sale/audi-a4-2014/37466000
Audi A4 2014,2014,2.0 Diesel,"197,000 km","‚Ç¨11,500",/cars-for-sale/audi-a4-2014/37679450
Napo Sales,Independent Dealer,2015,2.0 Diesel,"‚Ç¨9,200",/cars-for-sale/audi-a4-2015-2-0-diesel-nct-05-25/37597066
Audi A4 Avant,2016,2.0 Diesel,"241,000 km","‚Ç¨14,750",/cars-for-sale/audi-a4-avant/37622147
Audi a4 2016 Ultra 2026nct,2016,2.0 Diesel,"227,000 km","‚Ç¨13,000",/cars-for-sale/audi-a4-2016-ultra-2026nct/37675849
Cartwright,Independent Dealer,2015,2.0 Diesel,‚Ç¨1,/cars-for-sale/audi-a4-2-0-tdi-190-multitronic-se-4-4dr/37403576
O'Connell Automotive Ltd,Independent Dealer,2016,2.0 Diesel,"‚Ç¨19,999",/cars-for-sale/2016-audi-a4-2-0-tdi-150-s-line/37318745
Audi A4 for sale,2015,2.0 Diesel,"146,450 km","‚Ç¨12,000",/cars-for-sale/audi-a4-for-sale/37674337
Family Audi A4 Estate,2015,2.0 Diesel,"82,667 mi","‚Ç¨13,000",/cars-for-sale/family-audi-a4-estate/36845448
T K Car Sales,Independent Dealer,2016,2.0 Diesel,"‚Ç¨15,950",/cars-for-sale/16-audi-a4-se-ultra/37091825
Audi A4 2015 S-line SE Ultra 161 BHP,2015,2.0 Diesel,"133,000 mi","‚Ç¨13,000",/cars-for-sale/audi-a4-2015-s-line-se-ultra-161-bhp/37625064
Audi a4 ultra,2015,2.0 Diesel,"145,600 km","‚Ç¨15,200",/cars-for-sale/audi-a4-ultra/37457558
McCuddy's Motors,Independent Dealer,2016,2.0 Diesel,"‚Ç¨14,450",/cars-for-sale/2016-audi-a4-ultra-sport-2-0-tdi-190-bhp/37613579
Dunboyne Auto Link,Independent Dealer,2015,2.0 Diesel,"‚Ç¨13,499",/cars-for-sale/151-audi-a4-2-0tdis-linemint/36881650
Bill Griffin Motors,Independent Dealer4.3/5,2016,1.4 Petrol,"‚Ç¨22,500",/cars-for-sale/audi-a4-1-4-tfsi-sport-1st-edition-s-line-pack-au/36779596
Bill Griffin Motors,Independent Dealer4.3/5,2016,1.4 Petrol,"‚Ç¨22,700",/cars-for-sale/audi-a4-1-4-tfsi-s-line-pack-auto-new-nct-1/36772268
Audi A4 2016,2016,2.0 Diesel,"274,000 km","‚Ç¨14,200",/cars-for-sale/audi-a4-2016/37380876
2014 AUDI A4 2LT 136 BHP NEW NCT,2014,2.0 Diesel,"258,310 km","‚Ç¨7,850",/cars-for-sale/2014-audi-a4-2lt-136-bhp-new-nct/37413479
2016 Audi A4 Black Edition OPEN TO OFFERS,2016,2.0 Diesel,"140,700 mi","‚Ç¨14,500",/cars-for-sale/2016-audi-a4-black-edition-open-to-offers/36552631
Audi a4,2014,2.0 Diesel,370 km,"‚Ç¨7,800",/cars-for-sale/audi-a4/37663295
Dunboyne Auto Link,Independent Dealer,2016,2.0 Diesel,"‚Ç¨13,795",/cars-for-sale/162-audi-a4-2-0tdis-line150-bhp/37662933
Audi A4 2014,2014,2.0 Diesel,"190,000 mi","‚Ç¨10,999",/cars-for-sale/audi-a4-2014/37662282
Autovision Motor Co,Independent Dealer,2015,2.0 Diesel,"‚Ç¨16,995",/cars-for-sale/2015-audi-a4-2-0-tdi-s-line-150ps-4dr-aut/37169137
Conor Cassidy Cars,Independent Dealer,2016,2.0 Diesel,"‚Ç¨14,950",/cars-for-sale/2016-audi-a4-2-0-tdi-se-ultra/37418618
JMC Car Sales,Independent Dealer,2015,2.0 Diesel,"‚Ç¨11,995",/cars-for-sale/stunning-audi-a4-auto/37611812
Leinster Trade Cars,Independent Dealer,2015,2.0 Diesel,"‚Ç¨13,995",/cars-for-sale/2015-audi-a4auto-full-leather-nct-2026/37484559?campaign=3
JMC Car Sales,Independent Dealer,2016,2.0 Diesel,"‚Ç¨19,995",/cars-for-sale/stunning-audi-a4-sline/37702836?campaign=3
Liam Flood Cars,Independent Dealer,2015,2.0 Diesel,"‚Ç¨11,750",/cars-for-sale/audi-a4-tdi-automatic-audi-history-nct-jun25/37702146?campaign=3
Audi A4. 2 L 140 BHP,2014,2.0 Diesel,"140,000 mi","‚Ç¨9,300",/cars-for-sale/audi-a4-2-l-140-bhp/36537460
Audi A4 2014,2014,2.0 Diesel,"211,600 km","‚Ç¨8,500",/cars-for-sale/audi-a4-2014/37296269
Audi A4,2015,2.0 Diesel,"147,000 mi","‚Ç¨14,950",/cars-for-sale/audi-a4/37155601
A4 BLACK EDITION  190,2015,2.0 Diesel,"104,000 mi","‚Ç¨14,000",/cars-for-sale/a4-black-edition-190/37285108
Audi A4 2016,2016,2.0 Diesel,"189,000 km","‚Ç¨12,800",/cars-for-sale/audi-a4-2016/37288308
Audi A4,2015,2.0 Diesel,"133,000 mi","‚Ç¨7,495",/cars-for-sale/audi-a4/37076828
Audi a4 2015 2.0 TDI 163bhp,2015,2.0 Diesel,"160,000 mi","‚Ç¨13,000",/cars-for-sale/audi-a4-2015-2-0-tdi-163bhp/37070543
2015 Audi A4 2.0d Quattro 143bhp,2015,2.0 Diesel,"151,244 mi","‚Ç¨10,995",/cars-for-sale/2015-audi-a4-2-0d-quattro-143bhp/37274325
Audi a4,2016,2.0 Diesel,"280,000 km","‚Ç¨9,000",/cars-for-sale/audi-a4/37267130
Audi A4 2014,2014,2.0 Diesel,"196,000 km","‚Ç¨9,750",/cars-for-sale/audi-a4-2014/37059622
Audi A4 2015,2015,2.0 Diesel,"131,311 km","‚Ç¨16,000",/cars-for-sale/audi-a4-2015/37055154
Audi A4 2016,2016,2.0 Diesel,"185,000 km","‚Ç¨15,000",/cars-for-sale/audi-a4-2016/37042635
Audi A4 2015,2015,2.0 Diesel,"82,900 km","‚Ç¨13,495",/cars-for-sale/audi-a4-2015/36730494
161 Audi A4 2.0 TDI SLine Black Edition,2016,2.0 Diesel,"172,000 mi","‚Ç¨14,000",/cars-for-sale/161-audi-a4-2-0-tdi-sline-black-edition/37040117
2015 Audi A4 Avant 2.0 TDI 150 SE Multitronic Auto,2015,2.0 Diesel,"260,700 km","‚Ç¨14,250",/cars-for-sale/2015-audi-a4-avant-2-0-tdi-150-se-multitronic-auto/37034806
Ace Autos,Independent Dealer,2015,2.0 Petrol,"‚Ç¨15,950",/cars-for-sale/audi-a4-s-line-2-0l-petrol-auto-12m-warrant/37237738
161 Audi A4 2.0 TDI,2016,2.0 Diesel,"136,000 mi","‚Ç¨13,500",/cars-for-sale/161-audi-a4-2-0-tdi/37227857
Audi A4 2015,2015,2.0 Diesel,"126,000 mi","‚Ç¨13,750",/cars-for-sale/audi-a4-2015/37019685
2016 Audi A4,2016,2.0 Diesel,"217,000 km","‚Ç¨14,500",/cars-for-sale/2016-audi-a4/37220015
Audi A4 2.0 TDI 120 SE,2014,2.0 Diesel,"183,720 km","‚Ç¨10,000",/cars-for-sale/audi-a4-2-0-tdi-120-se/35992873
Audi A4 2016,2016,2.0 Diesel,"198,722 km","‚Ç¨16,000",/cars-for-sale/audi-a4-2016/36876575
Audi A4,2014,2.0 Diesel,"157,434 mi","‚Ç¨8,750",/cars-for-sale/audi-a4/36996350
Audi A4 Avant Sline Fresh 2 year NCT,2016,2.0 Diesel,"169,000 km","‚Ç¨16,250",/cars-for-sale/audi-a4-avant-sline-fresh-2-year-nct/37192635
Audi A4 2014,2014,2.0 Diesel,"159,000 mi","‚Ç¨9,500",/cars-for-sale/audi-a4-2014/37191489
Audi a4 black edition,2015,2.0 Diesel,"160,000 km","‚Ç¨12,000",/cars-for-sale/audi-a4-black-edition/37190747
"Audi A4 ‚Ç¨14,850 reasonable offers considered",2015,2.0 Diesel,"88,500 mi","Audi A4 ‚Ç¨14,850 reasonable offers considered",/cars-for-sale/audi-a4-14-850-reasonable-offers-considered/36981615
Audi A4 SE Teknik,2015,2.0 Diesel,"278,000 km","‚Ç¨9,000",/cars-for-sale/audi-a4-se-teknik/37181164
Dermot Cleary Motors,Independent Dealer,2014,2.0 Diesel,"‚Ç¨12,250",/cars-for-sale/2014-audi-a4-2-0-tdi-technik-136ps-4dr/35183161
JMC Car Sales,Independent Dealer,2016,2.0 Diesel,"‚Ç¨19,995",/cars-for-sale/stunning-audi-a4-sline/37702836?campaign=3
Leinster Trade Cars,Independent Dealer,2015,2.0 Diesel,"‚Ç¨13,995",/cars-for-sale/2015-audi-a4auto-full-leather-nct-2026/37484559?campaign=3
GMG Motors,Independent Dealer,2016,2.0 Diesel,"‚Ç¨15,950",/cars-for-sale/audi-a4-mint-condition-fash-2-0-tdi-120-se-4dr/37041544?campaign=3
Dermot Cleary Motors,Independent Dealer,2014,2.0 Diesel,"‚Ç¨11,750",/cars-for-sale/2014-audi-a4-2-0-tdi-s-line-148bhp-4dr/35842259
T-Met Ltd,Independent Dealer,2016,2.0 Diesel,"‚Ç¨1,234",/cars-for-sale/2016-audi-a4-breaking-for-parts/36976344
DG Cars & 4X4 LTD,Independent Dealer,2015,2.0 Diesel,"‚Ç¨13,450",/cars-for-sale/now-reserved/36832287
DG Cars & 4X4 LTD,Independent Dealer,2016,2.0 Diesel,"‚Ç¨17,950",/cars-for-sale/now-reserved/36261748
DG Cars & 4X4 LTD,Independent Dealer,2016,2.0 Diesel,"‚Ç¨18,600",/cars-for-sale/now-reserved/36307098
Country Cars,Independent Dealer,2016,2.0 Diesel,‚Ç¨0,/cars-for-sale/162-audi-a4-2-0-tdi-150ps-black-edition-styling/36454663
DG Cars & 4X4 LTD,Independent Dealer,2016,2.0 Diesel,"‚Ç¨18,450",/cars-for-sale/now-reserved/36183583
DG Cars & 4X4 LTD,Independent Dealer,2016,2.0 Diesel,"‚Ç¨16,995",/cars-for-sale/now-reserved/35825619
DG Cars & 4X4 LTD,Independent Dealer,2016,2.0 Diesel,"‚Ç¨20,500",/cars-for-sale/deposit-taken/34531084
Empire Trade Sales,Independent Dealer,2015,2.0 Diesel,"‚Ç¨12,250",/cars-for-sale/cash-for-cars-vans-jeeps/34392907
DG Cars & 4X4 LTD,Independent Dealer,2016,2.0 Diesel,"‚Ç¨19,450",/cars-for-sale/now-reserved/32278800
JMC Car Sales,Independent Dealer,2016,2.0 Diesel,"‚Ç¨19,995",/cars-for-sale/stunning-audi-a4-sline/37702836?campaign=3
Leinster Trade Cars,Independent Dealer,2015,2.0 Diesel,"‚Ç¨13,995",/cars-for-sale/2015-audi-a4auto-full-leather-nct-2026/37484559?campaign=3
SPOTLIGHT,2015,2.0 Diesel,149 mi,"‚Ç¨15,250",/cars-for-sale/audi-a4/37512981?campaign=3
Automatic Motor Car Centre,Independent Dealer,2016,2.0 Petrol,"‚Ç¨22,450",/cars-for-sale/audi-a4-audi-a4-automatic-2-0-tfsi-26k-kms-re/37421841
Automatic Motor Car Centre,Independent Dealer,2016,2.0 Petrol,"‚Ç¨21,950",/cars-for-sale/audi-a4-audi-a4-automatic-2-0-tfsi-46k-kms-cr/37420418
Automatic Motor Car Centre,Independent Dealer,2016,2.0 Petrol,"‚Ç¨22,950",/cars-for-sale/audi-a4-audi-a4-automatic-2-0-tfsi-360-degrees/36709291
Evra Motors,Independent Dealer,2015,2.0 Diesel,"‚Ç¨14,950",/cars-for-sale/audi-a4-automatic-avant-2-0-tdi-150-low-miles-/37365842
2015 Audi A4 2.0 TDI SLINE BLACK ED 177bhp Auto,2015,2.0 Diesel,"82,000 mi","‚Ç¨17,500",/cars-for-sale/2015-audi-a4-2-0-tdi-sline-black-ed-177bhp-auto/37415021
Audi A4,2014,2.0 Diesel,"325,305 km","‚Ç¨8,000",/cars-for-sale/audi-a4/37413457
Audi A4,2015,2.0 Diesel,167 mi,"‚Ç¨10,000",/cars-for-sale/audi-a4/37196008
Automatic Motor Car Centre,Independent Dealer,2016,2.0 Petrol,"‚Ç¨21,950",/cars-for-sale/audi-a4-audi-a4-automatic-2-0-tfsi-37k-kms-re/37404979
142 Audi A4 S-Line Estate,2014,2.0 Diesel,"147,000 mi","‚Ç¨11,495",/cars-for-sale/142-audi-a4-s-line-estate/36937280
Automatic Motor Car Centre,Independent Dealer,2016,2.0 Petrol,"‚Ç¨22,950",/cars-for-sale/audi-a4-audi-a4-automatic-2-0-tfsi-sport-45k-km/37394896
AUDI A4 SE TDI ULTRA 2016,2016,2.0 Diesel,44 days,"‚Ç¨14,000",/cars-for-sale/audi-a4-se-tdi-ultra-2016/37384506
Audi A4 2016,2016,2.0 Diesel,"103,000 mi","‚Ç¨16,250",/cars-for-sale/audi-a4-2016/37371768
2014 Audi A4 S Line Fresh NCT***,2014,2.0 Diesel,"185,000 mi","‚Ç¨9,250",/cars-for-sale/2014-audi-a4-s-line-fresh-nct/37044398
The Eagles Car Sales,Independent Dealer,2015,2.0 Diesel,"‚Ç¨13,950",/cars-for-sale/audi-a4-2-0-tdi-technik-136ps-4dr/37362792
Audi A4 Sline,2014,2.0 Diesel,48 days,"‚Ç¨9,500",/cars-for-sale/audi-a4-sline/37148335
Audi A4 2015,2015,2.0 Diesel,"183,000 km","‚Ç¨14,850",/cars-for-sale/audi-a4-2015/36563402
North Road Motor Company,Independent Dealer,2016,1.4 Petrol,"‚Ç¨16,950",/cars-for-sale/audi-a4-1-4-tfsi-nct-tax/36924112
Audi A4,2015,2.0 Diesel,"225,000 km","‚Ç¨12,250",/cars-for-sale/audi-a4/37113901
"162    Audi A4 Estate Sline,auto,Full leather",2016,2.0 Diesel,170 mi,"‚Ç¨14,950",/cars-for-sale/162-audi-a4-estate-sline-auto-full-leather/34731520
T-Met Ltd,Independent Dealer,2014,2.0 Diesel,"‚Ç¨1,234",/cars-for-sale/audi-a4-2014-breaking-for-parts/31974499
Audi A4,2014,2.0 Diesel,"193,819 km","‚Ç¨12,400",/cars-for-sale/audi-a4/37112272
Audi A4 2014,2014,2.0 Diesel,"337,000 km","‚Ç¨7,000",/cars-for-sale/audi-a4-2014/37312355
Audi a4 tdi ‚Ç¨6990 cheap car no offers!!,2015,2.0 Diesel,"149,000 mi",Audi a4 tdi ‚Ç¨6990 cheap car no offers!!,/cars-for-sale/audi-a4-tdi-6990-cheap-car-no-offers/37139820
Long Mile Motors Ltd,Independent Dealer,2016,2.0 Diesel,"‚Ç¨16,995",/cars-for-sale/2016-audi-a4-automatic-nct-06-26-new-timing-belt/37115702
